{"cameraMode":{"drawMode":0,"name":"Shaded","section":"Shading Mode"},"sceneLighting":true,"audioPlay":false,"sceneViewState":{"m_AlwaysRefresh":false,"showFog":true,"showSkybox":true,"showFlares":true,"showImageEffects":true,"showParticleSystems":true,"showVisualEffectGraphs":true,"m_FxEnabled":true},"in2DMode":false,"pivot":{"x":13.998190879821778,"y":12.003780364990235,"z":14.84323501586914},"rotation":{"x":0.08898637443780899,"y":0.853704035282135,"z":-0.15534842014312745,"w":0.48901835083961489},"size":11.33350944519043,"orthographic":false}