{"cameraMode":{"drawMode":0,"name":"Shaded","section":"Shading Mode"},"sceneLighting":true,"audioPlay":false,"sceneViewState":{"m_AlwaysRefresh":false,"showFog":true,"showSkybox":true,"showFlares":true,"showImageEffects":true,"showParticleSystems":true,"showVisualEffectGraphs":true,"m_FxEnabled":true},"in2DMode":false,"pivot":{"x":-25.256847381591798,"y":20.23148536682129,"z":-21.591140747070314},"rotation":{"x":0.01110843289643526,"y":0.9888907074928284,"z":-0.10571706295013428,"w":0.10391081869602204},"size":26.073013305664064,"orthographic":false}