{"cameraMode":{"drawMode":0,"name":"Shaded","section":"Shading Mode"},"sceneLighting":true,"audioPlay":false,"sceneViewState":{"m_AlwaysRefresh":false,"showFog":true,"showSkybox":true,"showFlares":true,"showImageEffects":true,"showParticleSystems":true,"showVisualEffectGraphs":true,"m_FxEnabled":true},"in2DMode":false,"pivot":{"x":-16.64291000366211,"y":-13.536922454833985,"z":32.412723541259769},"rotation":{"x":0.31304579973220827,"y":-0.14819921553134919,"z":0.0495232529938221,"w":0.9367963075637817},"size":30.985164642333986,"orthographic":false}