{"cameraMode":{"drawMode":0,"name":"Shaded","section":"Shading Mode"},"sceneLighting":true,"audioPlay":false,"sceneViewState":{"m_AlwaysRefresh":false,"showFog":true,"showSkybox":true,"showFlares":true,"showImageEffects":true,"showParticleSystems":true,"showVisualEffectGraphs":true,"m_FxEnabled":true},"in2DMode":false,"pivot":{"x":9.996749877929688,"y":15.094161033630371,"z":24.546661376953126},"rotation":{"x":0.03691712021827698,"y":0.6069964170455933,"z":-0.028245840221643449,"w":0.7933443188667297},"size":0.9772698283195496,"orthographic":false}